orl_faces/s40/1.jpg;26
orl_faces/s40/2.jpg;26
orl_faces/s40/3.jpg;26
orl_faces/s40/4.jpg;26
orl_faces/s40/5.jpg;26
orl_faces/s40/6.jpg;26
orl_faces/s40/7.jpg;26
orl_faces/s40/8.jpg;26
orl_faces/s40/9.jpg;26
orl_faces/s40/10.jpg;26
orl_faces/s40/11.jpg;26
orl_faces/s40/12.jpg;26
orl_faces/s40/13.jpg;26
orl_faces/s40/14.jpg;26
orl_faces/s40/15.jpg;26
orl_faces/s40/16.jpg;26
orl_faces/s40/17.jpg;26
orl_faces/s40/18.jpg;26
orl_faces/s40/19.jpg;26
orl_faces/s40/20.jpg;26
orl_faces/s40/21.jpg;26
orl_faces/s40/22.jpg;26
orl_faces/s40/23.jpg;26
orl_faces/s40/24.jpg;26
orl_faces/s40/25.jpg;26
orl_faces/s40/26.jpg;26
orl_faces/s40/27.jpg;26
orl_faces/s40/28.jpg;26
orl_faces/s40/29.jpg;26
orl_faces/s40/30.jpg;26
orl_faces/s40/31.jpg;26
orl_faces/s40/32.jpg;26
orl_faces/s40/33.jpg;26
orl_faces/s40/34.jpg;26
orl_faces/s40/35.jpg;26
orl_faces/s40/36.jpg;26
orl_faces/s40/37.jpg;26
orl_faces/s40/38.jpg;26
orl_faces/s40/39.jpg;26
orl_faces/s40/40.jpg;26
orl_faces/s40/41.jpg;26
orl_faces/s40/42.jpg;26
orl_faces/s40/43.jpg;26
orl_faces/s40/44.jpg;26
orl_faces/s40/45.jpg;26
orl_faces/s40/46.jpg;26
orl_faces/s40/47.jpg;26
orl_faces/s40/48.jpg;26
orl_faces/s10/6.pgm;22
orl_faces/s10/2.pgm;22
orl_faces/s10/9.pgm;22
orl_faces/s10/1.pgm;22
orl_faces/s10/8.pgm;22
orl_faces/s10/10.pgm;22
orl_faces/s10/7.pgm;22
orl_faces/s10/4.pgm;22
orl_faces/s10/5.pgm;22
orl_faces/s10/3.pgm;22
orl_faces/s31/6.pgm;23
orl_faces/s31/2.pgm;23
orl_faces/s31/9.pgm;23
orl_faces/s31/1.pgm;23
orl_faces/s31/8.pgm;23
orl_faces/s31/10.pgm;23
orl_faces/s31/7.pgm;23
orl_faces/s31/4.pgm;23
orl_faces/s31/5.pgm;23
orl_faces/s31/3.pgm;23
orl_faces/s37/6.pgm;24
orl_faces/s37/2.pgm;24
orl_faces/s37/9.pgm;24
orl_faces/s37/1.pgm;24
orl_faces/s37/8.pgm;24
orl_faces/s37/10.pgm;24
orl_faces/s37/7.pgm;24
orl_faces/s37/4.pgm;24
orl_faces/s37/5.pgm;24
orl_faces/s37/3.pgm;24
orl_faces/s35/6.pgm;25
orl_faces/s35/2.pgm;25
orl_faces/s35/9.pgm;25
orl_faces/s35/1.pgm;25
orl_faces/s35/8.pgm;25
orl_faces/s35/10.pgm;25
orl_faces/s35/7.pgm;25
orl_faces/s35/4.pgm;25
orl_faces/s35/5.pgm;25
orl_faces/s35/3.pgm;25
orl_faces/s24/6.pgm;27
orl_faces/s24/2.pgm;27
orl_faces/s24/9.pgm;27
orl_faces/s24/1.pgm;27
orl_faces/s24/8.pgm;27
orl_faces/s24/10.pgm;27
orl_faces/s24/7.pgm;27
orl_faces/s24/4.pgm;27
orl_faces/s24/5.pgm;27
orl_faces/s24/3.pgm;27
orl_faces/s14/6.pgm;28
orl_faces/s14/2.pgm;28
orl_faces/s14/9.pgm;28
orl_faces/s14/1.pgm;28
orl_faces/s14/8.pgm;28
orl_faces/s14/10.pgm;28
orl_faces/s14/7.pgm;28
orl_faces/s14/4.pgm;28
orl_faces/s14/5.pgm;28
orl_faces/s14/3.pgm;28
orl_faces/s39/1.jpg;36
orl_faces/s39/2.jpg;36
orl_faces/s39/3.jpg;36
orl_faces/s39/4.jpg;36
orl_faces/s39/5.jpg;36
orl_faces/s39/6.jpg;36
orl_faces/s39/7.jpg;36
orl_faces/s39/8.jpg;36
orl_faces/s39/9.jpg;36
orl_faces/s39/10.jpg;36
orl_faces/s39/11.jpg;36
orl_faces/s39/12.jpg;36
orl_faces/s39/13.jpg;36
orl_faces/s39/14.jpg;36
orl_faces/s39/15.jpg;36
orl_faces/s39/16.jpg;36
orl_faces/s39/17.jpg;36
orl_faces/s39/18.jpg;36
orl_faces/s39/19.jpg;36
orl_faces/s39/20.jpg;36
orl_faces/s39/21.jpg;36
orl_faces/s39/22.jpg;36
orl_faces/s39/23.jpg;36
orl_faces/s39/24.jpg;36
orl_faces/s39/25.jpg;36
orl_faces/s39/26.jpg;36
orl_faces/s39/27.jpg;36
orl_faces/s39/28.jpg;36
orl_faces/s39/29.jpg;36
orl_faces/s39/30.jpg;36
orl_faces/s39/31.jpg;36
orl_faces/s39/32.jpg;36
orl_faces/s39/33.jpg;36
orl_faces/s39/34.jpg;36
orl_faces/s39/35.jpg;36
orl_faces/s39/36.jpg;36
orl_faces/s39/37.jpg;36
orl_faces/s39/38.jpg;36
orl_faces/s39/39.jpg;36
orl_faces/s39/40.jpg;36
orl_faces/s39/41.jpg;36
orl_faces/s39/42.jpg;36
orl_faces/s39/43.jpg;36
orl_faces/s39/44.jpg;36
orl_faces/s39/45.jpg;36
orl_faces/s39/46.jpg;36
orl_faces/s39/47.jpg;36
orl_faces/s39/48.jpg;36
